ID,LocationCode,Minority,Medianincome,Annualincome,IncomeRatio,FirstTimeBuyer,Age,DebttoIncomeRatio,HomeValue,Borrowed,LTVratio,Length,InterestRate
1,53,29.57,91700,123000,1.3413,2,< 25,10,385000,195000,50.65,360,2.75
2,6,90.76,83300,250000,3.0012,2,< 25,30,535000,505000,95,360,3.5
3,34,64.19,96500,64000,0.6632,2,< 25,43,375000,105000,28.55,180,2.5
4,51,34.58,124900,141000,1.1289,2,< 25,46,665000,345000,51.51,180,2.25
5,39,17.93,84600,109000,1.2884,1,< 25,30,405000,325000,80,180,2.87
6,24,29.18,124900,255000,2.0416,2,< 25,20,905000,645000,71.44,360,2.86
7,8,81.63,100000,145000,1.45,1,< 25,30,475000,395000,85,180,2.12
8,53,39.06,74600,392000,5.2547,2,< 25,20,265000,155000,60,360,2.99
9,36,98.09,96500,58000,0.601,2,< 25,41,455000,185000,40.64,180,3.62
10,48,41.47,80000,170000,2.125,2,< 25,20,535000,355000,65.6,180,2.37
11,34,40.18,96500,182000,1.886,2,< 25,20,395000,305000,79.44,180,2.5
12,25,41.27,114000,64000,0.5614,2,< 25,44,465000,365000,80,360,4.62
13,6,84.75,127900,88000,0.688,2,< 25,38,755000,385000,50.33,360,2.87
14,26,33.01,79700,593000,7.4404,2,< 25,20,545000,415000,75,360,4.75
15,6,34.8,127900,297000,2.3221,2,< 25,20,955000,765000,80,360,3.5
16,24,67.43,104000,204000,1.9615,2,< 25,30,385000,175000,65.11,180,2.87
17,6,33.31,86700,214000,2.4683,2,< 25,20,625000,415000,66.87,180,2.5
18,13,53.46,52400,76000,1.4504,2,< 25,42,255000,145000,58.39,180,3.5
19,24,90.4,124900,287000,2.2978,2,< 25,20,595000,475000,80,360,3.37
20,6,65.52,75000,352000,4.6933,2,< 25,30,755000,505000,68,360,4.12
21,48,30.74,84800,229000,2.7005,2,< 25,30,215000,155000,74.95,360,3.62
22,49,20.03,85300,93000,1.0903,2,< 25,20,305000,235000,78.83,360,3.37
23,53,33.07,106900,231000,2.1609,2,< 25,10,565000,445000,80,360,3.75
24,48,21.69,72200,187000,2.59,2,< 25,42,665000,495000,74.79,360,3.5
25,8,19.29,99400,108000,1.0865,2,< 25,30,555000,435000,80,360,3.62
26,26,8.94,79000,54000,0.6835,2,< 25,43,295000,235000,80,360,3.25
27,26,13.28,79000,26000,0.3291,2,< 25,39,165000,35000,19.35,360,3.87
28,27,12.25,102800,192000,1.8677,1,< 25,20,405000,375000,95,360,3.87
29,5,23.23,71400,103000,1.4426,2,< 25,20,305000,215000,70,240,3
30,41,13.88,72200,171000,2.3684,2,< 25,48,715000,515000,71.78,360,2.87
31,44,4.23,89000,76000,0.8539,1,< 25,37,315000,285000,95,360,3.75
32,8,12.14,83600,122000,1.4593,2,< 25,41,375000,345000,91.4,360,3.87
33,8,35.73,81700,102000,1.2485,2,< 25,30,305000,245000,80,360,3.49
34,29,4.96,82600,196000,2.3729,1,< 25,20,405000,245000,60,360,2.75
35,6,76.77,92700,91000,0.9817,2,< 25,41,575000,455000,78.78,360,3.6
36,4,20.04,77800,72000,0.9254,2,< 25,30,195000,155000,78.23,360,3.99
37,48,26.93,80000,232000,2.9,2,< 25,10,445000,345000,77.63,180,2.75
38,34,25.02,96600,159000,1.646,2,< 25,42,285000,255000,94.44,360,3.62
39,17,14.53,89100,197000,2.211,2,< 25,20,405000,245000,60.6,180,2.75
40,51,23.51,124900,143000,1.1449,2,< 25,44,675000,475000,69.7,240,2.37
41,27,5.02,102800,158000,1.537,2,< 25,20,345000,195000,58.7,180,2.5
42,8,77.25,100000,232000,2.32,2,< 25,20,575000,475000,83.33,360,3.37
43,8,25.29,115100,162000,1.4075,2,< 25,20,595000,475000,80,360,2.5
44,41,31.34,92100,36000,0.3909,2,< 25,48,375000,195000,51.73,360,3.12
45,9,18.05,97800,60000,0.6135,1,< 25,20,195000,145000,80,360,3.99
46,31,6.85,86900,138000,1.588,2,< 25,20,305000,225000,74.83,360,3
47,36,9.33,96500,229000,2.3731,2,< 25,30,475000,315000,66.27,360,3.37
48,48,59.3,52500,173000,3.2952,2,25 to 34,20,255000,205000,80,360,2.87
49,55,4.35,76800,146000,1.901,2,25 to 34,10,305000,175000,57.83,180,2.87
50,47,20.22,80700,57000,0.7063,1,25 to 34,39,335000,315000,93.56,360,2.87
51,53,39.58,106900,91000,0.8513,2,25 to 34,30,345000,285000,83.52,360,2.99
52,5,2.66,72300,123000,1.7012,1,25 to 34,20,365000,335000,90,360,2.99
53,36,2.91,77600,146000,1.8814,2,25 to 34,20,355000,305000,88.57,360,3.5
54,13,8.71,54700,79000,1.4442,2,25 to 34,10,145000,105000,71.72,180,3.75
55,25,12.34,95300,112000,1.1752,2,25 to 34,45,515000,285000,56.55,180,3.25
56,8,23.98,71000,191000,2.6901,2,25 to 34,20,455000,365000,80,360,2.87
57,5,6.5,71400,53000,0.7423,2,25 to 34,39,305000,265000,91.31,360,3.37
58,6,90.45,83300,102000,1.2245,2,25 to 34,42,535000,285000,54.66,360,2.87
59,41,31.34,92100,75000,0.8143,2,25 to 34,36,375000,185000,49.33,180,3.25
60,39,9.79,76000,65000,0.8553,2,25 to 34,20,175000,125000,70,360,3.99
61,13,16.15,55400,62000,1.1191,2,25 to 34,39,235000,175000,74.56,180,2.62
62,45,55.47,71400,130000,1.8207,2,25 to 34,46,335000,245000,73.58,360,3.25
63,6,29.96,83300,192000,2.3049,2,25 to 34,20,965000,585000,60.2,360,3.37
64,8,26.51,100000,121000,1.21,2,25 to 34,30,595000,385000,65.33,360,3.25
65,5,24.01,71400,140000,1.9608,2,25 to 34,30,225000,195000,86.81,360,3.25
66,45,37.47,81000,203000,2.5062,2,25 to 34,20,395000,295000,74.99,360,2.75
67,25,8.3,80000,76000,0.95,2,25 to 34,30,345000,245000,71.64,360,3.12
68,34,3.31,85800,376000,4.3823,2,25 to 34,20,635000,475000,74.92,360,3.12
69,48,10.17,73700,96000,1.3026,1,25 to 34,30,365000,285000,80,360,3.12
70,5,10.08,71400,155000,2.1709,2,25 to 34,10,385000,245000,62.33,360,3.75
71,6,35.67,83300,306000,3.6735,2,25 to 34,10,835000,535000,64.81,360,3.25
72,41,9.81,72200,197000,2.7285,2,25 to 34,43,275000,195000,75,360,3.5
73,53,24.46,106900,124000,1.16,2,25 to 34,30,865000,495000,57.66,360,3.5
74,6,41.16,97800,138000,1.411,2,25 to 34,20,705000,415000,59.57,360,3.25
75,17,19.27,89100,259000,2.9068,2,25 to 34,20,505000,425000,84,360,2.62
76,30,6.56,76500,106000,1.3856,2,25 to 34,40,395000,285000,72.3,360,3.99
77,6,59.79,83300,212000,2.545,2,25 to 34,20,835000,545000,65.62,360,3.5
78,13,41.5,82200,46000,0.5596,2,25 to 34,44,385000,265000,70,360,3.37
79,53,21.32,106900,115000,1.0758,2,25 to 34,42,955000,485000,56.1,360,3.37
80,6,83.3,75300,120000,1.5936,2,25 to 34,10,355000,185000,51.82,180,2.75
81,47,19.31,80700,77000,0.9542,2,25 to 34,42,485000,195000,41.66,360,4.25
82,12,50.56,68300,74000,1.0835,2,25 to 34,41,275000,215000,78.65,360,3.37
83,42,3.94,69800,113000,1.6189,2,25 to 34,30,275000,235000,86.29,360,3.62
84,49,15.3,85300,74000,0.8675,2,25 to 34,30,315000,245000,77.56,360,3.37
85,6,37.36,83300,184000,2.2089,2,25 to 34,48,995000,505000,51.04,240,2.5
86,49,12.96,71000,61000,0.8592,2,25 to 34,44,335000,245000,73.42,360,3.25
87,47,15.02,70800,130000,1.8362,2,25 to 34,10,295000,185000,64.65,180,3.25
88,12,31.07,58800,139000,2.3639,2,25 to 34,20,375000,305000,80,240,3.75
89,6,57.69,86700,82000,0.9458,2,25 to 34,48,475000,325000,69.46,360,2.84
90,6,39.57,83300,148000,1.7767,2,25 to 34,10,755000,405000,53.6,360,3
91,37,10.96,94100,103000,1.0946,2,25 to 34,47,445000,395000,90,360,3.25
92,51,11.61,89400,218000,2.4385,2,25 to 34,10,435000,305000,71.86,180,3.12
93,20,28.67,64600,164000,2.5387,2,25 to 34,36,425000,285000,67.38,180,1.87
94,34,14.01,96500,244000,2.5285,2,25 to 34,10,445000,395000,89.31,360,3
95,4,22.68,77800,51000,0.6555,2,25 to 34,10,355000,95000,27.42,360,3.62
96,48,15.97,97600,475000,4.8668,2,25 to 34,30,505000,375000,74.32,360,2.99
97,36,21.42,76200,80000,1.0499,2,25 to 34,30,135000,125000,94.96,360,2.62
98,55,2.55,102800,63000,0.6128,2,35 to 44,20,295000,185000,63.13,240,2.75
99,50,4.17,79300,116000,1.4628,1,35 to 44,38,255000,245000,97,360,3
100,42,3.14,82300,88000,1.0693,1,35 to 44,10,155000,95000,60,180,3.12
101,34,48.53,96500,69000,0.715,2,35 to 44,30,305000,105000,35,360,2.5
102,1,7.49,81000,110000,1.358,2,35 to 44,30,285000,255000,90,360,2.75
103,6,51.32,92700,82000,0.8846,2,35 to 44,47,995000,445000,44.72,360,2.37
104,47,6.91,72600,88000,1.2121,2,35 to 44,43,505000,365000,73.4,360,3.75
105,13,11.47,58700,30000,0.5111,2,35 to 44,30,95000,75000,83.36,360,3.75
106,19,5.74,89200,131000,1.4686,2,35 to 44,20,235000,185000,80,180,2.62
107,19,9.65,80600,82000,1.0174,2,35 to 44,46,295000,235000,80.99,360,2.87
108,41,14.27,92100,162000,1.759,2,35 to 44,20,505000,365000,73.6,180,3.25
109,29,9,82600,118000,1.4286,2,35 to 44,30,405000,325000,80,360,2.62
110,6,59.52,75300,37000,0.4914,2,35 to 44,47,415000,295000,70.94,360,3
111,12,51.06,68100,117000,1.7181,2,35 to 44,20,285000,235000,84.09,360,2.87
112,13,40.93,82200,108000,1.3139,2,35 to 44,10,335000,275000,84.6,360,2.87
113,6,57.94,75300,37000,0.4914,2,35 to 44,41,305000,195000,63.33,360,2.87
114,36,40.15,96500,160000,1.658,2,35 to 44,30,635000,495000,79.04,360,3.12
115,17,12.95,89100,231000,2.5926,2,35 to 44,20,1465000,505000,34.95,360,2.99
116,19,20.13,99100,130000,1.3118,2,35 to 44,20,395000,305000,84.52,360,2.99
117,48,25.37,84800,281000,3.3137,2,35 to 44,10,525000,425000,80,360,2.75
118,8,16.33,81700,218000,2.6683,2,35 to 44,20,655000,465000,71.9,240,3.25
119,29,12.84,82600,85000,1.0291,2,35 to 44,20,225000,145000,66.66,360,3.37
120,12,15.21,65000,67000,1.0308,2,35 to 44,42,265000,215000,78.94,360,3.99
121,12,83.41,68300,112000,1.6398,1,35 to 44,39,575000,445000,77.64,360,2.37
122,4,24.87,77800,175000,2.2494,2,35 to 44,10,415000,285000,68.53,360,2.87
123,6,80.94,92700,91000,0.9817,2,35 to 44,37,715000,225000,31.35,180,2.75
124,39,19.3,85200,85000,0.9977,2,35 to 44,43,255000,235000,90.19,360,3
125,40,15.38,74000,126000,1.7027,2,35 to 44,30,205000,165000,80,240,3.87
126,49,16.8,70700,62000,0.8769,1,35 to 44,20,305000,275000,95,360,2.75
127,26,6.53,79700,56000,0.7026,2,35 to 44,39,325000,235000,73.53,360,2.99
128,53,11.83,86300,67000,0.7764,2,35 to 44,44,425000,335000,79,360,4.37
129,53,37.63,106900,69000,0.6455,2,35 to 44,45,445000,325000,73.53,360,3.37
130,21,90.31,79400,374000,4.7103,1,35 to 44,30,115000,95000,80,360,4.25
131,6,78.83,83300,302000,3.6255,2,35 to 44,10,635000,355000,55.79,360,3.5
132,6,24.95,97800,222000,2.2699,1,35 to 44,20,1105000,715000,64.81,360,3
133,40,15.38,74000,162000,2.1892,2,35 to 44,20,495000,395000,79.99,360,3.37
134,27,17.35,102800,27000,0.2626,2,35 to 44,43,325000,125000,38.81,360,3.62
135,5,18.28,71400,277000,3.8796,2,35 to 44,10,145000,115000,80,360,5.12
136,51,9.97,124900,94000,0.7526,2,35 to 44,39,545000,385000,70.45,360,3.37
137,18,8.75,79600,55000,0.691,2,35 to 44,20,275000,125000,44.64,360,3.75
138,51,16.96,83400,143000,1.7146,2,35 to 44,37,405000,355000,89.38,360,2.87
139,36,8.77,83700,83000,0.9916,2,35 to 44,39,185000,85000,48.07,360,3.62
140,27,76.5,102800,115000,1.1187,2,35 to 44,30,505000,275000,55,360,4.5
141,36,97.18,96500,111000,1.1503,2,35 to 44,41,715000,485000,68.87,360,3.87
142,6,31.13,127900,199000,1.5559,2,35 to 44,30,705000,555000,79.42,360,3.62
143,25,16.15,114000,123000,1.0789,2,35 to 44,37,605000,335000,71.27,360,3
144,49,14.24,87500,87000,0.9943,2,35 to 44,30,485000,285000,58.36,360,2.87
145,18,11.74,81300,95000,1.1685,2,35 to 44,10,145000,75000,50,180,2.5
146,6,70.38,83300,127000,1.5246,2,35 to 44,20,805000,155000,19.75,360,3.12
147,12,40.75,68300,101000,1.4788,2,35 to 44,44,515000,375000,73.78,360,3.12
148,6,36.35,86700,179000,2.0646,2,35 to 44,10,775000,385000,49.41,360,2.87
149,8,10.17,100000,180000,1.8,2,35 to 44,30,705000,495000,70,360,3.87
150,27,8.26,102800,50000,0.4864,2,35 to 44,45,215000,155000,73.84,180,2.37
151,17,7.45,89100,174000,1.9529,2,35 to 44,20,275000,145000,51.63,180,3.25
152,8,8.81,95900,310000,3.2325,2,35 to 44,30,675000,525000,77.71,360,4.25
153,39,5.26,70300,56000,0.7966,2,35 to 44,30,175000,125000,75.88,180,2.37
154,36,4.96,75800,127000,1.6755,1,35 to 44,41,285000,235000,80,360,2.87
155,18,3.34,65300,119000,1.8224,2,35 to 44,39,195000,185000,94.73,240,2.75
156,1,3.98,71700,115000,1.6039,2,35 to 44,20,285000,235000,80,360,3.5
157,13,46.31,52300,139000,2.6577,2,35 to 44,20,265000,165000,62.18,240,3.87
158,27,6.86,102800,132000,1.284,2,35 to 44,47,635000,385000,59.84,360,3.12
159,6,28.14,52900,48000,0.9074,2,35 to 44,50,655000,305000,46.66,360,3.62
160,8,12.96,99400,190000,1.9115,2,35 to 44,10,615000,435000,69.99,360,3.5
161,39,7.71,85200,78000,0.9155,2,35 to 44,20,235000,165000,71.48,120,2.75
162,17,42.02,89100,96000,1.0774,2,35 to 44,30,315000,205000,63.49,360,3.25
163,6,75.54,127900,82000,0.6411,2,35 to 44,20,965000,305000,31.08,360,2.87
164,6,29.6,83300,112000,1.3445,2,35 to 44,30,1005000,575000,57.52,360,2.5
165,12,65.92,68100,177000,2.5991,2,35 to 44,30,385000,225000,57.89,360,2.87
166,41,16.65,70600,96000,1.3598,2,35 to 44,36,345000,275000,78.55,360,3.87
167,29,8.58,56100,34000,0.6061,1,35 to 44,42,145000,115000,80,360,4.12
168,27,12.11,102800,240000,2.3346,2,35 to 44,10,905000,375000,41.55,360,3.25
169,26,5.68,80600,77000,0.9553,2,35 to 44,39,235000,135000,55.48,180,2.75
170,6,60.7,69300,71000,1.0245,2,35 to 44,49,255000,145000,58.84,180,3.37
171,36,45.13,96500,108000,1.1192,2,35 to 44,30,415000,395000,95,360,3.5
172,31,11.31,86900,233000,2.6812,2,35 to 44,40,335000,265000,80,360,3.25
173,17,19.31,89100,176000,1.9753,1,35 to 44,20,375000,355000,95,360,2.87
174,48,77.16,84800,120000,1.4151,2,35 to 44,42,225000,165000,71.42,180,3.12
175,48,15.97,97600,200000,2.0492,2,35 to 44,44,565000,445000,79.37,360,3.12
176,8,9.74,84300,115000,1.3642,1,35 to 44,20,485000,335000,68.83,360,2.5
177,6,12.91,71600,179000,2.5,2,35 to 44,49,315000,235000,80,360,3.87
178,46,3.56,86200,132000,1.5313,2,35 to 44,44,775000,515000,66.28,360,3.25
179,9,7.24,91800,320000,3.4858,2,35 to 44,20,625000,355000,56.4,360,3.87
180,36,7.6,76200,143000,1.8766,2,35 to 44,39,395000,265000,69.13,360,3.62
181,4,9.22,77800,73000,0.9383,2,35 to 44,44,705000,345000,49.71,240,3
182,53,33.07,106900,125000,1.1693,2,35 to 44,30,765000,265000,35,180,2.5
183,4,14.27,77800,47000,0.6041,2,35 to 44,30,285000,155000,54.28,240,3.12
184,6,13.02,71600,83000,1.1592,2,35 to 44,41,265000,185000,70.44,360,4.37
185,50,3.38,89700,106000,1.1817,2,35 to 44,30,325000,245000,74.54,360,2.99
186,37,6.32,94100,138000,1.4665,2,35 to 44,30,605000,285000,47.1,360,2.99
187,12,8.48,69200,82000,1.185,2,35 to 44,38,265000,145000,54.75,360,3.99
188,31,10.23,82700,148000,1.7896,2,35 to 44,30,305000,285000,93.77,360,2.99
189,41,13.56,92100,115000,1.2486,2,35 to 44,20,555000,295000,54.36,360,2.5
190,22,18.88,54100,117000,2.1627,2,35 to 44,20,265000,215000,84.61,360,3.12
191,27,4.12,102800,94000,0.9144,1,35 to 44,20,335000,265000,80,360,3.37
192,30,7.72,84300,60000,0.7117,2,35 to 44,10,275000,125000,44.35,360,2.87
193,25,6.93,114000,126000,1.1053,2,35 to 44,50,585000,435000,74,360,3.75
194,35,35.97,69100,170000,2.4602,2,35 to 44,10,325000,255000,76.92,240,3.48
195,48,16.34,72200,137000,1.8975,2,35 to 44,38,465000,285000,60.32,360,2.62
196,5,10.89,72300,41000,0.5671,2,35 to 44,47,155000,115000,75,360,3.87
197,38,7.92,89200,183000,2.0516,2,35 to 44,10,505000,275000,55.1,360,2.75
198,53,29.38,106900,110000,1.029,2,35 to 44,44,445000,345000,76.51,360,3.62
199,24,59.59,124900,93000,0.7446,2,35 to 44,40,855000,365000,43.41,360,3
200,50,4.45,74600,166000,2.2252,2,35 to 44,20,185000,145000,80,360,3.12
201,4,18.16,77800,55000,0.7069,2,35 to 44,44,615000,345000,55.6,360,2.99
202,48,29.58,65000,75000,1.1538,2,35 to 44,42,195000,145000,79.09,360,5
203,46,11.13,86200,106000,1.2297,2,35 to 44,10,195000,145000,73.07,180,2.5
204,44,3.41,89000,107000,1.2022,2,35 to 44,20,455000,185000,44.68,180,3
205,24,40.79,104000,41000,0.3942,2,35 to 44,49,195000,135000,69.88,240,2.75
206,18,4.73,65300,105000,1.608,2,35 to 44,20,145000,75000,52.81,180,3
207,12,11.84,68300,152000,2.2255,1,35 to 44,37,435000,335000,76.81,360,2.99
208,8,13.29,100000,165000,1.65,2,35 to 44,20,845000,365000,42.85,360,3.12
209,48,25.3,84800,122000,1.4387,2,35 to 44,39,265000,195000,73.5,360,2.87
210,25,11.53,114000,72000,0.6316,2,35 to 44,44,475000,315000,67.24,360,2.87
211,8,25.29,115100,70000,0.6082,2,35 to 44,37,375000,255000,67.77,240,3.12
212,32,65,70800,120000,1.6949,1,35 to 44,20,505000,475000,95,360,2.75
213,48,39.86,84800,241000,2.842,2,35 to 44,20,435000,285000,64.67,360,3.12
214,22,18.33,54200,69000,1.2731,2,35 to 44,38,445000,325000,73.48,360,3
215,26,4.86,79700,192000,2.409,2,35 to 44,20,505000,375000,74.95,180,2.5
216,48,32.5,80000,187000,2.3375,2,35 to 44,20,295000,215000,72.41,180,2.87
217,6,76.87,127900,251000,1.9625,2,35 to 44,36,985000,625000,62.88,360,3.87
218,6,96.18,83300,76000,0.9124,2,35 to 44,37,555000,375000,68.63,360,2.87
219,24,38.84,104000,201000,1.9327,2,35 to 44,40,635000,445000,69.44,360,2.99
220,18,51.94,79600,231000,2.902,2,35 to 44,20,555000,435000,79.89,360,2.87
221,34,54.93,108700,51000,0.4692,2,35 to 44,50,255000,205000,79.68,240,2.99
222,47,31.7,68900,86000,1.2482,2,35 to 44,41,235000,195000,85.57,180,2.5
223,9,11.88,119500,138000,1.1548,2,35 to 44,20,665000,445000,66.36,360,2.87
224,17,7.85,65800,90000,1.3678,2,35 to 44,20,145000,115000,80.9,240,3.22
225,6,78.35,86700,56000,0.6459,1,35 to 44,42,165000,165000,97,360,2.85
226,6,44.1,83300,113000,1.3565,2,35 to 44,42,755000,395000,52.58,240,2.62
227,36,11.04,96500,278000,2.8808,2,35 to 44,20,755000,555000,74.45,360,3.37
228,48,13.61,84800,138000,1.6274,2,35 to 44,30,345000,325000,95,360,3.62
229,32,52.39,70800,144000,2.0339,2,35 to 44,20,725000,505000,70.8,360,3.5
230,6,86.84,127900,92000,0.7193,2,35 to 44,30,1005000,515000,51,360,3.62
231,34,59.46,96500,306000,3.171,2,35 to 44,30,605000,395000,66.33,180,2.75
232,6,32.62,127900,328000,2.5645,2,35 to 44,20,1915000,715000,37.38,240,2.5
233,19,4.11,104300,143000,1.371,2,35 to 44,20,335000,195000,58.48,180,2.5
234,55,3.52,76700,94000,1.2256,2,35 to 44,30,345000,215000,63,180,3.75
235,48,33.74,97600,86000,0.8811,2,35 to 44,43,535000,275000,51.69,180,2.75
236,47,7.21,80700,251000,3.1103,2,35 to 44,10,1425000,405000,28.34,180,2.62
237,39,2.97,65500,156000,2.3817,2,45 to 54,10,455000,315000,68.58,360,2.87
238,6,66.11,92700,170000,1.8339,2,45 to 54,10,805000,315000,39.75,360,2.62
239,6,68.74,83300,111000,1.3325,2,45 to 54,39,655000,595000,91.74,360,2.99
240,21,7.74,76900,298000,3.8752,2,45 to 54,20,585000,495000,84.88,360,3.99
241,12,21.96,69200,55000,0.7948,1,45 to 54,30,205000,195000,95,360,3.62
242,16,18.02,78400,157000,2.0026,2,45 to 54,30,625000,525000,84.12,360,2.99
243,34,16.77,96500,278000,2.8808,2,45 to 54,30,885000,605000,67.56,360,2.62
244,18,6.18,71800,60000,0.8357,2,45 to 54,20,305000,215000,70.12,360,3
245,27,6.42,102800,69000,0.6712,2,45 to 54,30,335000,245000,73.33,360,2.87
246,6,59.82,86700,85000,0.9804,2,45 to 54,30,445000,385000,86.36,360,2.99
247,39,7.84,84600,75000,0.8865,2,45 to 54,10,265000,175000,67.1,360,3.12
248,25,18.61,114000,190000,1.6667,2,45 to 54,41,435000,345000,80,180,2.62
249,51,39.59,124900,76000,0.6085,2,45 to 54,20,265000,245000,95,360,2.62
250,12,25.71,68300,256000,3.7482,2,45 to 54,20,785000,195000,25.29,120,2.75
251,13,40.43,82200,115000,1.399,2,45 to 54,10,305000,165000,56.07,180,3.37
252,42,1.49,69800,68000,0.9742,2,45 to 54,30,365000,255000,69.98,360,3.56
253,29,19.68,82600,201000,2.4334,2,45 to 54,20,535000,425000,79.7,360,3.62
254,41,34.26,92100,88000,0.9555,2,45 to 54,40,435000,395000,90,360,3.12
255,17,9.76,75400,110000,1.4589,2,45 to 54,40,405000,325000,80,360,3
256,13,59.83,82200,87000,1.0584,2,45 to 54,49,355000,225000,64.08,180,2.5
257,1,10.39,81000,88000,1.0864,2,45 to 54,40,675000,485000,71.19,360,2.87
258,29,10.54,63300,52000,0.8215,2,45 to 54,30,155000,135000,88.51,360,3.37
259,39,2.55,85200,18000,0.2113,2,45 to 54,47,405000,45000,12.5,240,3
260,13,18.63,82200,82000,0.9976,2,45 to 54,36,255000,205000,81.6,360,3.37
261,55,5.65,102800,100000,0.9728,2,45 to 54,40,285000,225000,80,360,4.87
262,39,17.14,84600,375000,4.4326,2,45 to 54,37,1505000,515000,34.02,360,3
263,1,20.78,71700,62000,0.8647,2,45 to 54,30,275000,205000,74.63,360,3.12
264,18,18.93,70000,72000,1.0286,2,45 to 54,43,295000,265000,90,360,4.12
265,25,3.67,114000,83000,0.7281,2,45 to 54,50,725000,335000,46.2,360,3
266,6,58.35,81600,147000,1.8015,2,45 to 54,49,755000,605000,80,360,3.12
267,48,42.96,72200,88000,1.2188,2,45 to 54,49,205000,75000,33.81,360,4.37
268,17,33.09,89100,123000,1.3805,2,45 to 54,20,365000,255000,69.58,240,2.87
269,24,93.79,124900,39000,0.3122,2,45 to 54,47,315000,245000,76.92,360,3.37
270,10,35.76,96600,148000,1.5321,2,45 to 54,10,345000,245000,73.08,360,3.37
271,41,19.44,92100,120000,1.3029,2,45 to 54,30,475000,375000,78.94,180,1.99
272,8,38.78,84500,61000,0.7219,2,45 to 54,44,555000,415000,74.78,360,3.12
273,9,6.54,91800,58000,0.6318,2,45 to 54,39,265000,245000,95,360,3.87
274,34,34.84,96600,56000,0.5797,2,45 to 54,40,175000,165000,95,360,2.75
275,6,48.59,95400,133000,1.3941,2,45 to 54,45,625000,425000,68.98,240,3.12
276,17,21.32,89100,58000,0.651,1,45 to 54,43,265000,225000,85,360,3.62
277,27,10.3,102800,213000,2.072,2,45 to 54,39,665000,495000,75,360,2.75
278,53,27.73,106900,110000,1.029,2,45 to 54,30,455000,235000,53.31,180,2.87
279,53,49.27,106900,358000,3.3489,2,45 to 54,10,315000,235000,75,360,4.37
280,48,13.42,80000,127000,1.5875,1,45 to 54,10,235000,205000,89.99,360,2.87
281,47,4.74,59100,26000,0.4399,2,45 to 54,42,125000,105000,80,360,3.87
282,24,17.37,104000,117000,1.125,2,45 to 54,36,235000,155000,65.56,360,3.37
283,21,13.98,85200,96000,1.1268,2,45 to 54,46,305000,185000,59.86,180,3.62
284,17,30.82,89100,104000,1.1672,2,45 to 54,20,255000,225000,88.14,360,3.12
285,22,74.4,62800,40000,0.6369,1,45 to 54,20,155000,145000,95,360,3.87
286,35,81.03,69100,43000,0.6223,2,45 to 54,44,275000,205000,74.31,360,2.87
287,18,7.34,89100,95000,1.0662,2,45 to 54,45,455000,395000,88.88,360,2.87
288,49,12.72,87500,76000,0.8686,2,45 to 54,30,245000,145000,60,360,3.37
289,12,32.46,68100,266000,3.906,2,45 to 54,30,285000,225000,80,360,3.62
290,53,18.83,92100,78000,0.8469,2,45 to 54,20,415000,295000,71.08,360,3.25
291,6,75.34,75300,120000,1.5936,2,45 to 54,20,805000,385000,48.25,360,2.75
292,18,16.54,71100,41000,0.5767,1,45 to 54,30,145000,135000,92.85,360,3.25
293,4,31.07,68400,155000,2.2661,2,45 to 54,10,355000,245000,69.21,360,3.25
294,51,73.4,89400,52000,0.5817,2,45 to 54,30,175000,135000,78.34,360,4.62
295,36,41.07,96500,72000,0.7461,2,45 to 54,43,645000,475000,74.21,360,2.99
296,28,7.37,52700,134000,2.5427,2,45 to 54,37,295000,245000,81.52,360,3.5
297,10,35.01,96600,80000,0.8282,1,45 to 54,40,555000,435000,79.96,360,3.75
298,28,25.68,52700,132000,2.5047,2,45 to 54,10,185000,165000,95,360,3.37
299,6,87.6,83300,82000,0.9844,2,45 to 54,38,415000,325000,79.27,240,2.62
300,40,20.05,74000,76000,1.027,1,45 to 54,20,235000,225000,96.99,360,2.87
301,12,13.79,69200,94000,1.3584,2,45 to 54,45,355000,275000,79.88,240,3.25
302,53,18.1,92100,83000,0.9012,2,45 to 54,20,265000,225000,84.97,360,3.5
303,37,25.87,64200,226000,3.5202,2,45 to 54,10,565000,275000,48.21,180,2.75
304,13,33.17,82200,152000,1.8491,2,45 to 54,10,325000,155000,50,180,2.75
305,40,15.41,74000,109000,1.473,2,45 to 54,42,345000,295000,86.02,360,2.62
306,48,33.94,80000,68000,0.85,1,45 to 54,49,335000,265000,79.99,360,3.75
307,6,93.25,83300,35000,0.4202,2,45 to 54,49,515000,255000,48.54,360,3
308,13,2.98,59800,107000,1.7893,2,45 to 54,39,545000,465000,84.98,360,3.99
309,20,20.74,85900,108000,1.2573,2,45 to 54,20,275000,205000,74.9,360,3.25
310,42,2.67,82300,27000,0.3281,2,45 to 54,37,325000,35000,12.06,360,4.12
311,26,5.09,79000,82000,1.038,2,45 to 54,10,205000,135000,65,360,3.87
312,6,98.95,83300,129000,1.5486,2,45 to 54,43,1045000,765000,73.26,360,3.62
313,48,25.81,97600,122000,1.25,2,45 to 54,20,395000,355000,89.99,360,2.87
314,17,8.44,89100,64000,0.7183,2,45 to 54,20,275000,105000,36.92,360,4.25
315,25,13.25,114000,65000,0.5702,1,45 to 54,30,315000,275000,87.29,360,2.75
316,53,14.29,91700,59000,0.6434,2,45 to 54,20,325000,165000,51.84,360,2.99
317,48,12.2,84800,151000,1.7807,2,45 to 54,30,255000,205000,79.36,360,6
318,41,20.25,92100,68000,0.7383,1,45 to 54,42,335000,315000,95,360,3.5
319,39,22.44,84600,51000,0.6028,2,45 to 54,20,185000,145000,80,360,2.87
320,23,17.5,92300,65000,0.7042,2,45 to 54,30,275000,215000,80,360,3.75
321,17,12.86,89100,88000,0.9877,2,45 to 54,20,245000,115000,46.93,120,2.37
322,21,7.27,85200,107000,1.2559,2,45 to 54,10,185000,105000,58.88,180,2.75
323,22,14.2,62800,125000,1.9904,2,45 to 54,30,365000,285000,79,360,3.25
324,6,13.79,80400,46000,0.5721,2,45 to 54,39,245000,85000,32.93,240,2.62
325,6,31.74,92700,130000,1.4024,1,45 to 54,20,335000,275000,89.96,360,3.5
326,26,5.74,79000,59000,0.7468,2,45 to 54,38,235000,165000,71.12,360,3.5
327,4,18.23,77800,88000,1.1311,2,45 to 54,44,355000,335000,95,360,2.87
328,48,22.84,64700,105000,1.6229,2,45 to 54,47,455000,275000,60.66,180,2.62
329,6,62.31,139800,222000,1.588,2,45 to 54,41,715000,575000,80.15,360,3.87
330,12,17.93,68100,100000,1.4684,2,45 to 54,45,255000,205000,80,360,3.12
331,34,29.38,96500,93000,0.9637,2,45 to 54,42,655000,245000,38.09,180,2.62
332,6,33.04,75000,85000,1.1333,2,45 to 54,20,475000,275000,59.46,360,3.37
333,36,2.7,71700,49000,0.6834,2,45 to 54,37,155000,135000,95,360,3.5
334,34,49.71,96500,91000,0.943,2,55 to 64,30,335000,255000,78.18,360,3.25
335,37,8.04,80100,124000,1.5481,2,55 to 64,38,1605000,515000,31.9,360,2.5
336,6,69.96,55600,50000,0.8993,2,55 to 64,46,305000,245000,80,360,2.75
337,51,36.61,124900,154000,1.233,2,55 to 64,30,625000,495000,79.2,360,2.87
338,6,42.81,56600,66000,1.1661,2,55 to 64,40,255000,235000,94,360,3.25
339,25,22.5,114000,67000,0.5877,2,55 to 64,49,545000,315000,56.77,360,3.25
340,18,12.09,79600,46000,0.5779,2,55 to 64,36,135000,115000,95,360,3.25
341,6,87.71,83300,181000,2.1729,2,55 to 64,30,895000,505000,56.71,360,3.37
342,24,81.58,124900,57000,0.4564,1,55 to 64,48,235000,215000,95,360,3.25
343,18,17.25,71100,41000,0.5767,2,55 to 64,47,245000,195000,80,360,3.25
344,6,85.78,75300,143000,1.8991,2,55 to 64,30,505000,405000,80,360,3.37
345,48,48.23,65500,118000,1.8015,1,55 to 64,20,265000,225000,95,360,3.99
346,16,6.45,67400,109000,1.6172,2,55 to 64,20,235000,215000,90,360,3.27
347,42,47.52,79100,269000,3.4008,2,55 to 64,10,285000,135000,47.36,180,2.87
348,39,2.17,69500,46000,0.6619,2,55 to 64,20,125000,95000,79.74,360,3.37
349,26,10.69,79700,166000,2.0828,2,55 to 64,36,445000,335000,74.6,360,4.87
350,48,59.65,97600,142000,1.4549,2,55 to 64,10,265000,195000,74.28,360,2.87
351,53,19.93,77500,68000,0.8774,2,55 to 64,30,295000,185000,63.72,360,3.25
352,27,3.99,102800,91000,0.8852,2,55 to 64,41,495000,395000,80,360,3.37
353,39,5.48,65100,37000,0.5684,2,55 to 64,20,155000,125000,80,360,3
354,48,74.62,72200,568000,7.867,2,55 to 64,20,365000,275000,80,180,2.87
355,6,59.98,61700,150000,2.4311,2,55 to 64,20,445000,305000,68.18,360,2.62
356,6,25.16,83300,96000,1.1525,2,55 to 64,41,685000,445000,65.44,360,3.62
357,13,49.77,82200,31000,0.3771,2,55 to 64,45,205000,165000,80,360,4.12
358,4,26.52,77800,114000,1.4653,2,55 to 64,10,355000,195000,54.85,360,3.25
359,6,18.79,92700,371000,4.0022,2,55 to 64,42,635000,475000,75,360,2.99
360,27,3.64,102800,52000,0.5058,1,55 to 64,40,155000,145000,95,360,3.37
361,31,3.56,86900,57000,0.6559,2,55 to 64,30,325000,155000,46.87,360,3.37
362,37,33.05,94100,69000,0.7333,2,55 to 64,43,225000,175000,79.82,360,4.25
363,26,6.58,62900,48000,0.7631,2,55 to 64,30,125000,95000,80,360,4.5
364,6,58.89,139800,119000,0.8512,2,55 to 64,48,925000,515000,55.47,360,2.75
365,32,59.89,70800,41000,0.5791,2,55 to 64,30,165000,135000,83.12,360,2.99
366,24,14.17,104000,219000,2.1058,2,55 to 64,10,805000,485000,59.93,360,3.37
367,36,10.36,96500,133000,1.3782,2,55 to 64,41,775000,375000,48.76,360,3.37
368,16,8.37,70400,52000,0.7386,2,55 to 64,30,255000,135000,54,360,3.25
369,21,18.95,76900,108000,1.4044,2,55 to 64,20,255000,175000,68.82,180,3
370,6,25.17,127900,117000,0.9148,2,55 to 64,38,1215000,395000,32.23,240,3
371,51,81.58,89400,54000,0.604,2,55 to 64,46,175000,125000,73.52,360,3
372,45,28.43,81000,200000,2.4691,2,55 to 64,20,805000,515000,63.8,240,3.25
373,6,16.56,70700,1560000,22.0651,2,55 to 64,10,465000,325000,69.56,360,3.58
374,6,19.63,83300,210000,2.521,2,55 to 64,20,855000,505000,60,180,2.5
375,32,61.26,70800,59000,0.8333,2,55 to 64,45,215000,165000,74.65,360,4.25
376,53,18.98,86300,211000,2.445,2,55 to 64,10,705000,415000,59.71,360,3.37
377,51,15.44,83400,44000,0.5276,2,55 to 64,30,265000,115000,44.61,360,2.62
378,18,4.35,81300,80000,0.984,2,55 to 64,46,255000,245000,95,360,3.25
379,13,40.08,82200,208000,2.5304,2,55 to 64,10,625000,455000,74.12,360,2.99
380,39,7.3,85200,109000,1.2793,2,55 to 64,37,325000,275000,86.94,360,2.5
381,8,22.75,100000,160000,1.6,2,55 to 64,10,425000,265000,63.29,360,3.37
382,20,11.96,85900,232000,2.7008,2,55 to 64,36,1155000,515000,44.38,240,3.5
383,39,3.66,72800,100000,1.3736,2,55 to 64,20,265000,165000,64.12,240,3
384,17,19.19,89100,88000,0.9877,1,55 to 64,37,285000,255000,90,360,3.12
385,13,17.19,82200,69000,0.8394,2,55 to 64,38,305000,275000,90,360,3.62
386,39,3.04,65100,58000,0.8909,2,55 to 64,36,145000,135000,95,360,2.87
387,42,5.53,80400,110000,1.3682,2,55 to 64,10,325000,255000,77.54,360,3.25
388,48,91.46,80000,45000,0.5625,2,55 to 64,20,185000,125000,69.14,360,3.5
389,26,5.37,79700,138000,1.7315,2,55 to 64,20,325000,245000,75.38,180,2.62
390,2,16.91,93100,66000,0.7089,2,55 to 64,43,315000,245000,76.19,360,3.5
391,53,14.44,106900,173000,1.6183,2,55 to 64,44,785000,565000,72.37,360,3
392,12,31.33,82300,159000,1.932,2,55 to 64,36,165000,115000,70,360,3.37
393,35,26.44,54700,66000,1.2066,2,55 to 64,37,165000,155000,90.9,360,3.87
394,12,45.18,74800,100000,1.3369,2,55 to 64,20,295000,185000,62.93,180,3.12
395,4,5.89,77800,156000,2.0051,2,55 to 64,30,435000,285000,65.29,180,2.75
396,4,45.81,77800,168000,2.1594,2,55 to 64,10,355000,295000,83.19,360,3.5
397,51,33.18,82400,115000,1.3956,2,55 to 64,40,385000,305000,80,360,3.25
398,37,42.23,88900,235000,2.6434,1,55 to 64,10,595000,475000,80,360,2.49
399,6,94.36,87800,170000,1.9362,2,55 to 64,10,365000,225000,62.43,360,4
400,47,11.36,70800,78000,1.1017,2,55 to 64,40,255000,165000,64,240,2.75
401,45,21.73,71400,75000,1.0504,2,55 to 64,47,345000,265000,77.22,240,2.99
402,39,4.36,84600,172000,2.0331,2,55 to 64,30,945000,405000,42.55,180,2.75
403,42,9.28,82300,190000,2.3086,1,55 to 64,10,345000,305000,90,360,3.37
404,25,4.87,114000,90000,0.7895,2,55 to 64,42,295000,235000,80,240,3.5
405,24,18.65,85900,86000,1.0012,2,55 to 64,20,395000,185000,49.98,360,3.87
406,10,13.02,96600,123000,1.2733,2,55 to 64,20,365000,265000,73.94,240,3.25
407,4,10.3,77800,107000,1.3753,2,55 to 64,20,425000,255000,60.63,360,2.87
408,34,29.35,96500,60000,0.6218,2,55 to 64,39,345000,275000,80,360,3.37
409,6,78.14,86700,62000,0.7151,2,55 to 64,39,255000,155000,59.76,360,4.12
410,6,78.35,127900,149000,1.165,2,55 to 64,20,685000,435000,63.64,360,3.25
411,6,63.85,83300,126000,1.5126,1,55 to 64,44,1265000,655000,57.11,360,2.99
412,24,30.11,104000,90000,0.8654,2,55 to 64,41,255000,225000,95,360,3.87
413,12,40.44,68100,96000,1.4097,2,55 to 64,20,385000,275000,72.21,360,3
414,17,52.91,89100,134000,1.5039,2,55 to 64,10,285000,195000,68.02,360,3.75
415,18,7.09,89100,64000,0.7183,1,55 to 64,30,165000,105000,75.86,360,3.5
416,8,8.7,100000,194000,1.94,2,55 to 64,36,745000,575000,90,360,3.37
417,13,7.02,82200,137000,1.6667,2,55 to 64,30,545000,405000,75,360,3.25
418,47,16.72,72600,52000,0.7163,2,55 to 64,30,115000,95000,90,360,4.5
419,25,42.23,114000,57000,0.5,2,55 to 64,44,445000,335000,76.74,360,3.87
420,12,34.49,76700,79000,1.03,1,55 to 64,10,145000,105000,80,360,4
421,6,74.23,86700,64000,0.7382,2,55 to 64,46,635000,305000,47.07,360,2.75
422,51,17.2,82400,65000,0.7888,2,65 to 74,20,255000,205000,80,360,4
423,6,43.85,61700,91000,1.4749,2,65 to 74,20,335000,265000,78.04,360,2.75
424,29,4.18,82600,43000,0.5206,2,65 to 74,38,145000,135000,94.82,360,2.37
425,27,20.96,102800,69000,0.6712,2,65 to 74,10,205000,65000,32.76,180,3.25
426,36,5.37,73800,700000,9.4851,2,65 to 74,20,555000,495000,90,360,2.87
427,6,25.97,75300,84000,1.1155,2,65 to 74,30,575000,255000,44.03,180,3.12
428,48,35.32,89600,74000,0.8259,2,65 to 74,44,315000,245000,79.74,240,3.87
429,36,14.72,75500,62000,0.8212,2,65 to 74,30,205000,155000,80,360,2.87
430,53,8.85,77600,105000,1.3531,2,65 to 74,41,325000,245000,75,360,4.37
431,51,2.68,60400,95000,1.5728,2,65 to 74,47,465000,225000,49.83,180,2.99
432,55,12.65,83800,145000,1.7303,2,65 to 74,50,645000,505000,77.98,360,2.75
433,6,91.11,86700,58000,0.669,1,65 to 74,39,325000,315000,95,360,3.99
434,47,25.68,80700,84000,1.0409,2,65 to 74,10,275000,215000,80,360,2.99
435,39,51.5,85200,101000,1.1854,2,65 to 74,44,135000,125000,90,360,4.12
436,27,10.22,95600,612000,6.4017,2,65 to 74,10,175000,75000,45.31,180,3.25
437,12,49.49,68100,111000,1.63,1,65 to 74,30,335000,315000,95,360,3
438,39,15.73,71900,48000,0.6676,2,65 to 74,30,155000,125000,80,360,3
439,12,26.3,69600,62000,0.8908,1,65 to 74,40,215000,195000,95,360,2.62
440,4,32.25,77800,64000,0.8226,1,65 to 74,30,295000,225000,80,360,3.62
441,24,10.5,74400,33000,0.4435,2,65 to 74,42,245000,105000,44.26,360,2.75
442,29,13.47,82600,186000,2.2518,2,65 to 74,20,425000,305000,71.66,360,5.12
443,41,13.57,65100,61000,0.937,2,65 to 74,42,305000,235000,78,360,2.99
444,42,53.19,96600,75000,0.7764,2,65 to 74,39,265000,215000,85,360,3
445,46,4.79,73100,70000,0.9576,2,65 to 74,20,125000,85000,66.12,180,2.25
446,12,39.6,65000,49000,0.7538,2,65 to 74,30,235000,115000,51.52,180,3.37
447,17,20.69,89100,43000,0.4826,2,65 to 74,46,275000,145000,52,360,3.12
448,47,26.79,66900,49000,0.7324,1,65 to 74,38,95000,55000,94.99,360,4.62
449,1,10.96,81000,89000,1.0988,2,65 to 74,36,385000,315000,85,360,3.87
450,48,48.45,97600,82000,0.8402,2,65 to 74,41,345000,295000,85,360,3.12
451,26,4.48,63900,25000,0.3912,1,65 to 74,37,85000,85000,95,360,2.87
452,51,17.78,81600,65000,0.7966,2,65 to 74,39,275000,215000,77.77,360,3.25
453,6,29.86,83300,144000,1.7287,2,65 to 74,46,635000,475000,75,360,4.12
454,6,88.48,97800,78000,0.7975,2,65 to 74,48,495000,465000,95,360,2.5
455,39,44.38,76300,181000,2.3722,2,65 to 74,38,35000,25000,80,360,5
456,53,8.83,74900,171000,2.283,2,65 to 74,20,645000,515000,79.68,360,3.37
457,23,2.13,77700,36000,0.4633,1,65 to 74,30,185000,165000,95,360,2.87
458,6,28.31,83300,174000,2.0888,2,65 to 74,44,1445000,725000,50.45,360,3.87
459,26,13.08,79700,32000,0.4015,1,65 to 74,41,155000,135000,90,360,2.75
460,18,5.86,79600,41000,0.5151,2,65 to 74,36,125000,95000,78.12,360,4.75
461,12,32.83,65900,125000,1.8968,2,65 to 74,42,395000,315000,80,360,2.87
462,17,27.53,89100,60000,0.6734,2,65 to 74,43,205000,155000,77.65,360,3.37
463,32,24.92,70800,49000,0.6921,2,65 to 74,40,225000,165000,75,360,4.5
464,12,16.02,69200,20000,0.289,2,65 to 74,48,125000,65000,50.78,360,3.12
465,6,61.56,83300,100000,1.2005,2,65 to 74,36,445000,395000,89.97,360,2.62
466,48,47.77,72200,77000,1.0665,2,65 to 74,20,335000,265000,80,360,2.49
467,15,79.35,97500,170000,1.7436,2,65 to 74,20,725000,595000,82.91,360,3.75
468,1,6.66,65700,317000,4.825,2,65 to 74,37,665000,495000,75,360,3.37
469,26,16.53,79700,103000,1.2923,2,65 to 74,10,335000,165000,50.15,360,3.12
470,4,31.37,77800,54000,0.6941,1,65 to 74,20,235000,225000,97,360,3.25
471,6,58.33,83300,95000,1.1405,2,65 to 74,20,365000,275000,73.97,360,3.37
472,9,11.49,91800,53000,0.5773,1,65 to 74,36,245000,205000,85,360,2.87
473,4,35.98,77800,100000,1.2853,2,65 to 74,30,245000,185000,79,360,3.99
474,25,30.74,114000,118000,1.0351,2,65 to 74,20,1105000,155000,15,240,3.37
475,20,7.17,88800,83000,0.9347,2,65 to 74,30,235000,175000,75.32,180,3.25
476,36,11.03,96500,78000,0.8083,2,65 to 74,46,655000,365000,57,360,3.37
477,6,15.81,97300,196000,2.0144,2,65 to 74,37,745000,315000,42.05,360,2.62
478,6,10.53,102700,105000,1.0224,2,65 to 74,30,805000,555000,69.37,360,2.75
479,6,94.85,83300,120000,1.4406,2,65 to 74,40,1265000,665000,68.53,360,3
480,48,55.38,80000,38000,0.475,1,65 to 74,30,135000,115000,95,360,3.99
481,8,23.51,100000,84000,0.84,2,65 to 74,30,605000,425000,70,360,4.75
482,26,16.59,79700,108000,1.3551,2,> 74,10,185000,125000,68.1,180,2.75
483,27,16.83,102800,82000,0.7977,2,> 74,41,465000,215000,45.32,180,3.25
484,42,6.82,82300,160000,1.9441,2,> 74,10,475000,325000,67.57,360,2.62
485,6,83.46,83300,47000,0.5642,2,> 74,40,715000,265000,36.85,360,2.87
486,6,22.09,66100,64000,0.9682,2,> 74,48,335000,265000,80,360,4.37
487,22,31.96,54400,62000,1.1397,2,> 74,45,355000,285000,79.63,360,2.75
488,51,27.59,89400,90000,1.0067,2,> 74,43,225000,165000,73.68,360,3
489,53,8.57,106900,142000,1.3283,2,> 74,30,605000,365000,61.16,360,3.25
490,26,40.65,101500,75000,0.7389,2,> 74,45,265000,245000,94.82,360,3.37
491,6,17.59,92700,97000,1.0464,2,> 74,44,765000,605000,79,360,2.69
492,37,25.24,94100,95000,1.0096,1,> 74,30,405000,345000,85.91,360,2.62
493,6,44.8,102700,70000,0.6816,2,> 74,45,655000,145000,22.41,120,2.5
494,4,17.66,77800,104000,1.3368,2,> 74,10,475000,205000,43.28,180,2.75
495,8,21.49,100000,172000,1.72,2,> 74,20,535000,375000,70,360,3.5
496,37,40.28,80100,275000,3.4332,2,> 74,20,755000,505000,90,360,2.62
497,8,14.48,100000,79000,0.79,2,> 74,20,425000,315000,73.85,360,3
498,17,10.96,69300,187000,2.6984,2,> 74,10,325000,145000,43.75,180,2.87
499,26,33.82,79700,109000,1.3676,2,> 74,20,525000,385000,73.46,360,3.62
500,34,22.55,96600,60000,0.6211,1,> 74,41,375000,305000,80,360,3.5
